account_id,customer_id,account_type,opened_at,is_active
A200000,C100450,payroll,2025-06-19 12:39:33,1
A200001,C100116,operating,2025-01-31 03:50:27,1
A200002,C100343,operating,2025-06-23 16:35:49,1
A200003,C100094,operating,2025-02-16 16:45:50,1
A200004,C100423,operating,2025-06-16 23:53:48,1
A200005,C100249,operating,2025-05-14 15:08:51,1
A200006,C100450,savings,2025-08-28 11:37:48,1
A200007,C100052,payroll,2025-01-09 21:08:56,1
A200008,C100496,operating,2025-06-09 12:05:35,1
A200009,C100022,operating,2025-08-11 12:27:26,1
A200010,C100258,savings,2025-07-24 05:43:10,0
A200011,C100090,operating,2025-04-28 15:48:49,1
A200012,C100246,operating,2025-06-16 18:07:39,1
A200013,C100348,operating,2025-07-11 22:27:05,1
A200014,C100348,operating,2025-02-28 21:56:50,1
A200015,C100327,savings,2025-04-10 06:47:12,1
A200016,C100393,operating,2025-02-01 14:41:49,1
A200017,C100404,savings,2025-06-25 00:24:51,1
A200018,C100238,operating,2025-04-09 15:11:59,1
A200019,C100333,operating,2025-01-18 10:36:59,1
A200020,C100152,operating,2025-01-24 08:43:11,1
A200021,C100448,operating,2025-02-26 18:51:35,1
A200022,C100125,savings,2025-03-25 07:26:10,1
A200023,C100069,operating,2025-02-05 19:21:48,1
A200024,C100485,operating,2025-01-09 13:39:34,1
A200025,C100262,operating,2025-08-21 16:06:20,1
A200026,C100335,operating,2025-07-27 13:34:46,1
A200027,C100049,operating,2025-03-07 04:29:08,1
A200028,C100217,savings,2025-05-12 13:33:14,1
A200029,C100420,operating,2025-05-16 02:10:13,1
A200030,C100293,operating,2025-08-30 20:30:16,1
A200031,C100369,operating,2025-04-02 23:53:53,1
A200032,C100056,savings,2025-01-01 02:36:42,1
A200033,C100149,operating,2025-08-07 01:20:48,1
A200034,C100391,operating,2025-02-25 15:47:45,1
A200035,C100295,operating,2025-02-08 09:31:24,1
A200036,C100349,payroll,2025-04-13 13:49:10,1
A200037,C100027,payroll,2025-05-15 06:01:27,1
A200038,C100269,operating,2025-03-23 10:14:24,1
A200039,C100048,operating,2025-02-07 20:10:40,1
A200040,C100063,operating,2025-05-11 02:15:34,1
A200041,C100278,operating,2025-08-22 18:47:00,1
A200042,C100069,operating,2025-07-06 21:18:34,1
A200043,C100450,operating,2025-03-19 23:29:03,1
A200044,C100448,operating,2025-05-13 12:50:12,1
A200045,C100241,operating,2025-01-25 21:28:48,1
A200046,C100476,operating,2025-08-04 15:05:21,1
A200047,C100144,operating,2025-06-08 06:27:21,1
A200048,C100178,savings,2025-07-13 03:00:54,1
A200049,C100301,payroll,2025-04-12 15:28:55,1
A200050,C100421,savings,2025-04-01 05:55:43,1
A200051,C100318,savings,2025-03-20 18:01:55,1
A200052,C100289,savings,2025-02-03 03:14:11,1
A200053,C100069,savings,2025-07-18 02:09:17,1
A200054,C100394,operating,2025-03-18 17:01:45,1
A200055,C100121,operating,2025-06-19 08:33:10,1
A200056,C100311,operating,2025-08-13 16:58:08,1
A200057,C100402,operating,2025-01-11 20:06:17,1
A200058,C100322,savings,2025-02-28 22:23:17,1
A200059,C100432,operating,2025-01-08 09:48:51,1
A200060,C100050,operating,2025-01-08 04:37:04,0
A200061,C100232,operating,2025-04-08 05:12:59,1
A200062,C100396,operating,2025-03-11 01:58:04,1
A200063,C100106,operating,2025-02-15 17:05:30,1
A200064,C100066,operating,2025-05-02 10:38:08,1
A200065,C100100,payroll,2025-08-29 20:58:14,1
A200066,C100432,payroll,2025-06-14 08:46:41,1
A200067,C100480,operating,2025-01-20 06:13:10,1
A200068,C100136,operating,2025-07-15 14:32:26,1
A200069,C100207,operating,2025-05-02 09:47:03,1
A200070,C100058,savings,2025-04-05 00:23:50,0
A200071,C100253,operating,2025-02-13 01:47:08,1
A200072,C100297,operating,2025-03-27 15:31:10,1
A200073,C100221,savings,2025-08-14 19:36:26,1
A200074,C100139,operating,2025-05-06 06:48:32,1
A200075,C100406,operating,2025-05-05 04:27:34,1
A200076,C100035,savings,2025-01-14 06:16:15,1
A200077,C100291,operating,2025-03-22 20:07:09,1
A200078,C100210,operating,2025-08-12 20:44:34,1
A200079,C100244,savings,2025-06-25 20:04:15,1
A200080,C100071,savings,2025-03-29 16:11:03,1
A200081,C100178,operating,2025-06-16 05:32:20,1
A200082,C100469,operating,2025-04-16 21:47:00,1
A200083,C100115,payroll,2025-04-10 01:35:29,1
A200084,C100354,operating,2025-01-04 02:07:41,0
A200085,C100336,operating,2025-02-17 17:49:44,1
A200086,C100460,operating,2025-05-09 17:25:14,1
A200087,C100063,savings,2025-01-06 08:31:18,1
A200088,C100183,operating,2025-06-30 21:50:11,1
A200089,C100286,payroll,2025-04-29 18:14:29,1
A200090,C100070,operating,2025-04-02 09:19:03,1
A200091,C100460,savings,2025-07-28 11:06:14,1
A200092,C100390,operating,2025-06-27 02:28:11,1
A200093,C100103,operating,2025-04-21 20:26:22,1
A200094,C100185,operating,2025-03-19 13:04:51,1
A200095,C100205,operating,2025-04-10 15:26:02,1
A200096,C100088,payroll,2025-08-02 02:40:46,1
A200097,C100207,operating,2025-07-05 12:03:37,1
A200098,C100459,savings,2025-07-16 15:39:58,1
A200099,C100430,payroll,2025-07-03 01:12:21,1
A200100,C100233,operating,2025-02-05 14:23:27,1
A200101,C100178,operating,2025-04-01 14:32:56,1
A200102,C100225,operating,2025-08-22 00:08:05,0
A200103,C100014,operating,2025-08-22 21:09:11,1
A200104,C100419,savings,2025-02-06 01:35:39,1
A200105,C100323,operating,2025-04-24 10:39:18,1
A200106,C100140,operating,2025-02-03 02:35:54,1
A200107,C100446,operating,2025-07-18 05:53:32,1
A200108,C100343,operating,2025-04-23 18:04:55,1
A200109,C100183,savings,2025-01-29 07:48:38,1
A200110,C100486,operating,2025-03-23 10:49:47,1
A200111,C100244,savings,2025-03-05 12:23:59,1
A200112,C100495,savings,2025-01-28 04:45:47,1
A200113,C100384,operating,2025-04-19 02:59:26,1
A200114,C100149,operating,2025-06-13 11:30:47,1
A200115,C100384,operating,2025-06-16 12:07:43,1
A200116,C100161,savings,2025-03-08 10:31:00,1
A200117,C100333,operating,2025-06-22 04:58:33,1
A200118,C100133,payroll,2025-03-21 07:29:40,1
A200119,C100352,savings,2025-05-11 10:10:21,1
A200120,C100093,operating,2025-08-28 19:04:55,1
A200121,C100277,operating,2025-06-09 23:22:45,1
A200122,C100044,operating,2025-03-09 03:31:40,1
A200123,C100392,operating,2025-08-21 02:29:11,1
A200124,C100053,operating,2025-01-11 00:44:17,1
A200125,C100384,operating,2025-02-07 19:03:39,1
A200126,C100284,operating,2025-08-16 08:53:21,1
A200127,C100318,operating,2025-06-14 09:59:39,1
A200128,C100008,payroll,2025-01-11 12:38:42,1
A200129,C100342,payroll,2025-06-29 18:22:01,1
A200130,C100378,operating,2025-05-15 23:31:05,1
A200131,C100468,operating,2025-07-19 21:11:54,1
A200132,C100342,operating,2025-04-06 23:57:05,1
A200133,C100389,operating,2025-05-27 08:13:26,1
A200134,C100335,operating,2025-03-25 10:53:43,1
A200135,C100103,operating,2025-07-21 09:37:23,1
A200136,C100423,payroll,2025-03-25 17:47:42,1
A200137,C100445,savings,2025-08-18 10:51:05,1
A200138,C100493,payroll,2025-02-12 18:00:06,1
A200139,C100014,operating,2025-04-08 10:55:20,1
A200140,C100202,operating,2025-08-09 12:38:51,1
A200141,C100140,operating,2025-03-18 01:25:57,1
A200142,C100295,operating,2025-03-01 23:18:00,1
A200143,C100030,operating,2025-07-12 09:18:25,1
A200144,C100453,operating,2025-04-17 08:58:50,1
A200145,C100058,savings,2025-07-13 16:29:17,1
A200146,C100417,operating,2025-07-03 16:47:10,1
A200147,C100029,savings,2025-02-18 10:24:02,1
A200148,C100300,operating,2025-05-28 17:37:38,1
A200149,C100048,operating,2025-08-12 06:23:17,1
A200150,C100062,operating,2025-04-12 23:11:13,1
A200151,C100203,payroll,2025-07-05 02:00:12,1
A200152,C100330,operating,2025-08-19 18:41:42,1
A200153,C100252,operating,2025-03-07 02:58:05,1
A200154,C100314,operating,2025-02-17 11:12:51,1
A200155,C100389,operating,2025-06-14 15:13:49,1
A200156,C100369,operating,2025-01-24 10:53:42,1
A200157,C100254,operating,2025-05-06 14:33:18,1
A200158,C100186,operating,2025-01-24 11:08:18,1
A200159,C100246,savings,2025-08-31 19:45:28,1
A200160,C100265,operating,2025-02-05 13:30:48,1
A200161,C100321,operating,2025-08-19 10:01:49,0
A200162,C100422,savings,2025-08-05 04:31:53,1
A200163,C100160,operating,2025-05-05 11:26:32,1
A200164,C100234,operating,2025-05-28 18:20:07,1
A200165,C100181,operating,2025-03-21 00:59:22,0
A200166,C100455,operating,2025-07-12 02:25:53,1
A200167,C100499,payroll,2025-01-19 12:51:43,1
A200168,C100428,operating,2025-03-02 09:01:03,1
A200169,C100417,operating,2025-08-28 00:28:38,1
A200170,C100462,operating,2025-07-16 10:56:10,1
A200171,C100488,payroll,2025-02-17 20:59:54,1
A200172,C100122,operating,2025-06-10 20:08:07,0
A200173,C100158,operating,2025-04-23 17:30:59,1
A200174,C100437,operating,2025-06-21 06:25:42,1
A200175,C100459,operating,2025-08-09 03:56:21,1
A200176,C100481,operating,2025-07-02 06:45:37,0
A200177,C100132,operating,2025-02-27 21:50:31,0
A200178,C100234,operating,2025-08-23 19:53:55,1
A200179,C100303,operating,2025-03-20 11:54:53,1
A200180,C100346,operating,2025-04-17 21:28:52,1
A200181,C100358,operating,2025-02-13 04:40:12,0
A200182,C100194,operating,2025-05-16 17:54:53,1
A200183,C100464,operating,2025-03-17 19:34:03,1
A200184,C100441,operating,2025-04-24 07:58:25,1
A200185,C100276,savings,2025-01-22 00:03:11,1
A200186,C100388,operating,2025-07-20 10:15:17,1
A200187,C100187,operating,2025-05-27 01:56:24,1
A200188,C100454,operating,2025-01-22 20:17:22,1
A200189,C100261,payroll,2025-01-29 10:14:22,1
A200190,C100240,operating,2025-05-05 18:52:46,1
A200191,C100176,savings,2025-04-11 03:05:53,1
A200192,C100363,savings,2025-03-16 03:59:14,1
A200193,C100030,operating,2025-07-19 14:10:44,1
A200194,C100294,savings,2025-02-08 02:34:47,1
A200195,C100081,operating,2025-06-13 12:25:32,1
A200196,C100191,savings,2025-08-26 08:55:53,1
A200197,C100280,operating,2025-08-28 01:06:01,1
A200198,C100312,operating,2025-06-26 20:08:38,1
A200199,C100339,operating,2025-05-17 18:51:26,1
A200200,C100098,savings,2025-05-23 09:10:07,1
A200201,C100394,operating,2025-01-08 18:07:53,1
A200202,C100124,operating,2025-07-05 08:30:40,1
A200203,C100302,payroll,2025-07-16 22:27:49,1
A200204,C100119,operating,2025-04-12 18:42:35,1
A200205,C100307,savings,2025-08-26 06:22:26,1
A200206,C100274,savings,2025-07-10 02:56:31,1
A200207,C100306,operating,2025-03-28 11:15:21,1
A200208,C100045,operating,2025-05-21 12:39:41,1
A200209,C100082,payroll,2025-07-03 02:05:34,1
A200210,C100000,operating,2025-01-07 21:14:25,1
A200211,C100404,payroll,2025-02-02 02:19:54,1
A200212,C100305,operating,2025-02-18 05:12:04,1
A200213,C100214,operating,2025-07-15 01:43:23,1
A200214,C100227,operating,2025-05-16 02:19:49,1
A200215,C100465,savings,2025-07-27 14:56:27,1
A200216,C100231,operating,2025-02-10 03:03:26,1
A200217,C100199,payroll,2025-05-18 08:09:56,1
A200218,C100192,operating,2025-01-28 12:54:22,0
A200219,C100394,savings,2025-07-01 02:09:53,1
A200220,C100228,savings,2025-08-16 06:03:49,1
A200221,C100377,payroll,2025-06-05 02:27:32,1
A200222,C100337,operating,2025-01-26 05:10:45,1
A200223,C100456,operating,2025-03-02 21:02:32,1
A200224,C100378,operating,2025-07-19 14:52:51,1
A200225,C100481,savings,2025-08-07 18:00:48,1
A200226,C100422,operating,2025-08-01 02:54:54,1
A200227,C100497,operating,2025-06-02 10:40:19,1
A200228,C100161,operating,2025-05-26 20:18:33,1
A200229,C100480,operating,2025-07-15 23:27:50,0
A200230,C100379,operating,2025-04-01 06:37:58,1
A200231,C100394,savings,2025-07-29 14:16:24,1
A200232,C100204,operating,2025-06-08 22:19:59,0
A200233,C100064,operating,2025-06-01 04:09:58,1
A200234,C100104,operating,2025-05-21 16:47:00,1
A200235,C100209,operating,2025-03-14 05:36:08,1
A200236,C100242,savings,2025-01-18 15:34:38,1
A200237,C100270,payroll,2025-04-19 03:14:33,1
A200238,C100476,operating,2025-02-27 21:43:41,0
A200239,C100314,savings,2025-01-25 11:05:30,1
A200240,C100488,savings,2025-01-06 15:47:37,1
A200241,C100133,operating,2025-01-26 09:07:14,1
A200242,C100373,operating,2025-02-21 22:07:14,1
A200243,C100088,operating,2025-03-12 18:21:36,1
A200244,C100086,operating,2025-07-21 17:37:08,1
A200245,C100098,savings,2025-08-25 08:05:50,1
A200246,C100312,operating,2025-02-04 21:49:44,1
A200247,C100349,savings,2025-08-13 15:53:16,1
A200248,C100339,operating,2025-02-14 19:32:59,1
A200249,C100169,operating,2025-04-19 18:22:43,1
A200250,C100050,operating,2025-04-29 01:09:36,1
A200251,C100200,payroll,2025-04-04 17:02:00,1
A200252,C100466,operating,2025-06-30 00:12:02,1
A200253,C100062,operating,2025-07-18 11:17:19,0
A200254,C100400,payroll,2025-04-04 05:29:16,0
A200255,C100140,operating,2025-02-10 08:57:27,1
A200256,C100153,savings,2025-03-16 09:43:45,1
A200257,C100058,operating,2025-06-06 00:52:46,1
A200258,C100306,operating,2025-05-06 19:09:03,1
A200259,C100418,operating,2025-02-19 17:43:44,1
A200260,C100058,operating,2025-01-02 12:48:24,1
A200261,C100383,operating,2025-01-13 17:03:11,1
A200262,C100340,operating,2025-06-28 22:05:29,1
A200263,C100072,payroll,2025-08-17 15:34:49,1
A200264,C100482,operating,2025-02-11 03:57:20,1
A200265,C100318,savings,2025-04-12 12:48:37,1
A200266,C100363,operating,2025-08-30 02:40:52,1
A200267,C100418,operating,2025-03-26 06:11:35,1
A200268,C100019,operating,2025-07-21 09:09:43,1
A200269,C100262,savings,2025-06-13 11:44:29,1
A200270,C100174,operating,2025-02-23 12:57:43,1
A200271,C100067,operating,2025-04-27 03:59:00,1
A200272,C100168,operating,2025-05-30 08:26:28,1
A200273,C100306,operating,2025-02-15 13:44:14,1
A200274,C100470,operating,2025-07-30 18:39:53,1
A200275,C100457,operating,2025-04-17 11:15:21,1
A200276,C100424,operating,2025-03-13 06:59:17,1
A200277,C100372,operating,2025-06-30 11:24:31,1
A200278,C100291,operating,2025-08-31 06:35:52,1
A200279,C100191,payroll,2025-01-05 09:55:17,1
A200280,C100074,operating,2025-06-23 12:40:03,1
A200281,C100059,operating,2025-07-16 19:02:04,1
A200282,C100287,operating,2025-08-17 10:20:04,1
A200283,C100287,operating,2025-02-12 16:26:48,1
A200284,C100351,payroll,2025-01-30 16:54:33,1
A200285,C100497,operating,2025-03-12 02:13:22,1
A200286,C100228,operating,2025-03-27 22:22:19,1
A200287,C100098,operating,2025-07-23 10:34:20,1
A200288,C100114,operating,2025-05-02 13:10:33,1
A200289,C100185,operating,2025-02-13 23:39:15,1
A200290,C100310,operating,2025-03-02 09:13:42,1
A200291,C100203,operating,2025-06-13 12:29:15,1
A200292,C100005,savings,2025-02-13 00:41:09,1
A200293,C100335,operating,2025-01-27 19:22:44,1
A200294,C100018,operating,2025-08-22 13:06:46,1
A200295,C100488,operating,2025-03-04 05:47:26,0
A200296,C100038,savings,2025-03-11 12:40:36,1
A200297,C100295,operating,2025-08-05 13:02:29,1
A200298,C100291,payroll,2025-01-05 15:57:30,1
A200299,C100136,payroll,2025-01-01 02:32:01,0
A200300,C100039,operating,2025-05-23 03:04:50,1
A200301,C100278,operating,2025-06-26 11:48:11,1
A200302,C100292,operating,2025-02-20 09:42:50,1
A200303,C100301,operating,2025-01-15 11:18:52,1
A200304,C100366,payroll,2025-08-16 03:00:41,1
A200305,C100407,operating,2025-06-16 05:12:01,1
A200306,C100284,operating,2025-02-12 01:49:13,1
A200307,C100183,operating,2025-07-30 21:55:03,1
A200308,C100339,operating,2025-06-29 07:22:45,1
A200309,C100299,operating,2025-01-22 07:48:54,1
A200310,C100200,payroll,2025-03-29 13:45:51,1
A200311,C100080,payroll,2025-02-11 13:31:53,1
A200312,C100445,operating,2025-04-08 03:49:30,1
A200313,C100112,savings,2025-05-03 13:03:25,1
A200314,C100221,operating,2025-02-13 06:22:09,1
A200315,C100468,operating,2025-03-13 12:00:34,1
A200316,C100261,operating,2025-04-27 20:32:54,1
A200317,C100393,operating,2025-07-26 17:41:03,1
A200318,C100140,operating,2025-08-07 23:58:25,1
A200319,C100250,operating,2025-04-12 11:32:54,1
A200320,C100140,savings,2025-01-21 04:33:50,1
A200321,C100444,operating,2025-03-14 21:18:34,1
A200322,C100036,operating,2025-06-30 19:55:18,1
A200323,C100204,operating,2025-05-12 15:08:26,1
A200324,C100371,savings,2025-03-14 21:19:25,1
A200325,C100458,operating,2025-01-14 02:13:12,1
A200326,C100011,savings,2025-02-03 05:12:43,1
A200327,C100310,operating,2025-06-03 07:55:36,1
A200328,C100123,payroll,2025-06-22 15:40:31,1
A200329,C100171,operating,2025-04-18 01:27:53,1
A200330,C100378,operating,2025-03-03 15:03:27,1
A200331,C100123,payroll,2025-07-20 20:18:39,1
A200332,C100460,operating,2025-04-15 11:55:41,1
A200333,C100209,payroll,2025-08-20 06:00:57,1
A200334,C100314,operating,2025-08-31 13:31:19,1
A200335,C100070,savings,2025-05-21 09:03:23,1
A200336,C100012,operating,2025-03-20 16:58:39,1
A200337,C100120,operating,2025-06-18 06:08:10,1
A200338,C100358,savings,2025-07-12 21:25:17,1
A200339,C100355,operating,2025-01-30 06:36:31,1
A200340,C100007,operating,2025-08-21 08:24:37,1
A200341,C100445,savings,2025-08-01 04:56:09,1
A200342,C100137,operating,2025-01-01 20:08:02,1
A200343,C100007,operating,2025-06-04 10:18:07,1
A200344,C100376,savings,2025-01-24 03:51:19,1
A200345,C100293,savings,2025-02-03 17:02:30,1
A200346,C100304,operating,2025-03-15 05:46:00,1
A200347,C100008,operating,2025-03-17 20:15:59,1
A200348,C100216,savings,2025-06-24 12:55:29,1
A200349,C100160,operating,2025-08-08 09:39:40,1
A200350,C100440,operating,2025-04-17 12:39:45,1
A200351,C100446,savings,2025-01-10 15:55:31,1
A200352,C100176,operating,2025-06-03 02:45:50,1
A200353,C100267,payroll,2025-01-29 03:15:15,1
A200354,C100401,operating,2025-07-04 15:06:17,1
A200355,C100341,operating,2025-03-19 11:21:46,1
A200356,C100438,operating,2025-01-21 02:43:52,1
A200357,C100230,operating,2025-06-22 03:07:56,1
A200358,C100303,savings,2025-03-10 09:44:28,1
A200359,C100485,operating,2025-05-22 17:28:18,1
A200360,C100199,savings,2025-08-08 19:29:05,1
A200361,C100375,savings,2025-04-03 20:22:25,1
A200362,C100384,operating,2025-04-15 11:41:01,1
A200363,C100328,operating,2025-01-11 08:20:26,1
A200364,C100387,payroll,2025-07-01 21:34:40,1
A200365,C100403,operating,2025-07-28 12:41:37,0
A200366,C100382,operating,2025-07-25 23:13:35,1
A200367,C100488,operating,2025-07-03 06:11:05,1
A200368,C100126,operating,2025-08-26 11:11:46,1
A200369,C100239,operating,2025-03-21 17:54:28,1
A200370,C100073,operating,2025-03-03 06:42:39,1
A200371,C100075,operating,2025-07-07 12:59:33,1
A200372,C100497,operating,2025-06-18 00:44:18,1
A200373,C100283,operating,2025-07-21 19:27:35,1
A200374,C100218,operating,2025-08-06 19:26:44,1
A200375,C100469,operating,2025-06-27 15:37:45,1
A200376,C100033,operating,2025-06-22 18:50:06,1
A200377,C100232,operating,2025-08-20 17:55:33,1
A200378,C100475,operating,2025-06-12 15:10:44,1
A200379,C100042,payroll,2025-03-28 16:38:48,1
A200380,C100395,operating,2025-08-26 05:50:12,1
A200381,C100318,operating,2025-06-30 22:23:37,1
A200382,C100204,operating,2025-07-04 16:09:40,1
A200383,C100381,operating,2025-01-20 07:45:13,1
A200384,C100223,payroll,2025-08-08 04:18:35,1
A200385,C100498,operating,2025-01-09 22:49:16,1
A200386,C100349,operating,2025-02-22 09:00:37,1
A200387,C100157,operating,2025-03-25 13:25:32,1
A200388,C100234,savings,2025-07-29 01:44:39,1
A200389,C100277,operating,2025-08-26 09:35:14,1
A200390,C100354,operating,2025-06-13 22:24:58,1
A200391,C100036,operating,2025-02-28 12:10:55,1
A200392,C100290,operating,2025-05-27 07:28:01,1
A200393,C100254,operating,2025-05-14 23:14:30,0
A200394,C100171,savings,2025-03-17 16:11:40,1
A200395,C100492,savings,2025-02-26 23:47:41,1
A200396,C100487,operating,2025-04-24 09:15:48,0
A200397,C100051,operating,2025-01-08 07:57:35,1
A200398,C100188,operating,2025-07-24 14:59:34,1
A200399,C100466,operating,2025-03-14 07:44:31,1
A200400,C100332,operating,2025-01-19 19:08:54,1
A200401,C100247,savings,2025-03-02 17:42:36,1
A200402,C100080,savings,2025-04-26 10:39:13,1
A200403,C100066,savings,2025-06-25 11:32:38,1
A200404,C100498,operating,2025-01-06 22:19:22,1
A200405,C100275,operating,2025-08-23 14:48:24,1
A200406,C100448,operating,2025-03-27 07:08:38,1
A200407,C100237,operating,2025-01-09 10:57:00,1
A200408,C100473,payroll,2025-08-26 08:46:36,1
A200409,C100026,operating,2025-04-14 01:24:23,1
A200410,C100378,operating,2025-02-25 10:09:50,1
A200411,C100168,savings,2025-01-02 02:27:50,1
A200412,C100449,payroll,2025-03-09 20:31:46,1
A200413,C100214,operating,2025-01-13 15:34:19,1
A200414,C100081,operating,2025-05-15 11:15:42,1
A200415,C100062,operating,2025-07-01 15:41:35,1
A200416,C100359,operating,2025-01-10 22:42:51,1
A200417,C100274,operating,2025-03-26 06:56:07,1
A200418,C100405,operating,2025-01-15 18:15:55,1
A200419,C100444,operating,2025-02-06 09:18:45,1
A200420,C100238,operating,2025-04-27 07:15:07,1
A200421,C100452,operating,2025-01-10 08:46:26,1
A200422,C100406,savings,2025-06-08 13:14:57,1
A200423,C100171,operating,2025-01-24 01:42:02,1
A200424,C100222,operating,2025-08-28 18:44:20,1
A200425,C100462,operating,2025-03-23 12:51:42,1
A200426,C100411,savings,2025-06-17 11:07:03,1
A200427,C100152,operating,2025-06-05 12:51:39,1
A200428,C100221,operating,2025-03-07 23:59:01,1
A200429,C100431,savings,2025-01-21 00:24:51,1
A200430,C100196,operating,2025-05-29 07:36:14,1
A200431,C100011,operating,2025-08-11 20:33:56,1
A200432,C100106,operating,2025-05-10 19:33:50,1
A200433,C100238,savings,2025-03-18 23:36:36,1
A200434,C100025,savings,2025-05-17 03:19:09,1
A200435,C100054,savings,2025-05-09 23:21:10,1
A200436,C100039,operating,2025-05-19 04:49:03,0
A200437,C100362,operating,2025-04-27 18:46:02,1
A200438,C100409,operating,2025-07-26 19:31:35,1
A200439,C100483,operating,2025-08-02 16:49:47,1
A200440,C100253,operating,2025-01-09 14:05:12,1
A200441,C100199,savings,2025-04-09 20:58:58,1
A200442,C100087,operating,2025-08-10 22:59:35,1
A200443,C100272,savings,2025-08-04 06:22:08,1
A200444,C100246,operating,2025-07-29 07:33:59,1
A200445,C100117,payroll,2025-03-11 13:56:29,1
A200446,C100184,operating,2025-05-22 19:30:40,1
A200447,C100297,savings,2025-04-28 02:01:55,1
A200448,C100423,operating,2025-08-27 08:33:20,0
A200449,C100355,savings,2025-03-11 16:43:51,1
A200450,C100433,operating,2025-01-28 02:21:22,0
A200451,C100034,payroll,2025-04-19 17:23:31,1
A200452,C100278,savings,2025-03-10 04:44:17,1
A200453,C100152,savings,2025-04-30 09:40:32,1
A200454,C100267,operating,2025-04-12 03:43:13,1
A200455,C100066,savings,2025-03-26 00:27:02,0
A200456,C100166,operating,2025-02-12 17:53:00,1
A200457,C100009,savings,2025-02-06 12:15:01,1
A200458,C100224,operating,2025-05-12 07:17:24,1
A200459,C100029,payroll,2025-08-08 08:09:33,1
A200460,C100283,savings,2025-06-08 08:22:22,1
A200461,C100098,operating,2025-07-16 05:55:45,1
A200462,C100017,operating,2025-04-26 07:48:03,1
A200463,C100245,savings,2025-02-19 06:25:49,1
A200464,C100264,operating,2025-01-30 13:45:31,1
A200465,C100012,operating,2025-05-02 03:58:23,1
A200466,C100274,operating,2025-02-02 07:42:01,1
A200467,C100077,operating,2025-08-31 09:30:30,1
A200468,C100284,operating,2025-04-21 21:07:14,1
A200469,C100479,operating,2025-02-25 06:41:49,1
A200470,C100247,operating,2025-07-02 18:29:00,1
A200471,C100302,savings,2025-05-24 09:35:48,1
A200472,C100344,operating,2025-08-15 16:17:16,1
A200473,C100343,operating,2025-05-16 06:42:51,1
A200474,C100104,operating,2025-01-13 23:25:56,1
A200475,C100360,savings,2025-08-05 02:15:19,1
A200476,C100482,operating,2025-05-09 07:19:51,1
A200477,C100088,savings,2025-04-01 06:01:18,1
A200478,C100427,operating,2025-03-04 00:46:44,1
A200479,C100336,operating,2025-01-25 17:02:23,1
A200480,C100451,operating,2025-06-08 08:52:08,1
A200481,C100060,operating,2025-06-17 05:17:33,0
A200482,C100331,operating,2025-06-20 23:21:51,1
A200483,C100425,operating,2025-06-04 21:06:39,1
A200484,C100480,operating,2025-06-25 12:23:34,1
A200485,C100497,savings,2025-07-09 12:01:44,1
A200486,C100211,operating,2025-07-10 18:18:38,1
A200487,C100383,operating,2025-06-16 00:23:19,1
A200488,C100377,payroll,2025-02-24 15:06:43,1
A200489,C100095,operating,2025-02-25 18:57:35,1
A200490,C100327,operating,2025-07-01 08:39:14,1
A200491,C100345,operating,2025-08-05 02:29:44,1
A200492,C100021,savings,2025-06-01 00:05:48,1
A200493,C100362,operating,2025-01-08 22:14:35,1
A200494,C100163,operating,2025-06-25 04:41:15,1
A200495,C100179,payroll,2025-08-03 19:50:22,1
A200496,C100085,operating,2025-02-14 08:58:11,1
A200497,C100448,payroll,2025-08-15 04:26:16,1
A200498,C100404,operating,2025-03-29 18:34:31,1
A200499,C100435,savings,2025-04-08 17:08:52,1
A200500,C100297,operating,2025-02-15 10:07:55,1
A200501,C100494,operating,2025-02-11 21:16:40,1
A200502,C100059,savings,2025-03-23 15:31:34,1
A200503,C100280,operating,2025-03-30 12:00:00,1
A200504,C100121,operating,2025-08-06 04:12:14,1
A200505,C100193,operating,2025-04-26 10:53:53,0
A200506,C100417,operating,2025-04-09 06:44:30,1
A200507,C100315,operating,2025-02-13 18:19:41,1
A200508,C100103,operating,2025-03-24 16:35:00,1
A200509,C100485,operating,2025-04-16 08:12:41,1
A200510,C100155,operating,2025-02-03 00:53:50,1
A200511,C100471,operating,2025-05-01 12:17:59,1
A200512,C100046,operating,2025-05-12 11:31:15,1
A200513,C100224,payroll,2025-08-16 19:37:28,1
A200514,C100066,operating,2025-06-13 20:32:39,1
A200515,C100349,operating,2025-03-23 04:32:52,0
A200516,C100006,operating,2025-08-04 19:00:18,1
A200517,C100255,savings,2025-02-13 04:57:19,0
A200518,C100486,operating,2025-02-12 07:55:28,1
A200519,C100308,operating,2025-05-23 15:20:34,1
A200520,C100376,operating,2025-06-09 16:59:28,1
A200521,C100236,operating,2025-01-16 14:19:15,1
A200522,C100257,payroll,2025-04-23 12:18:28,1
A200523,C100304,operating,2025-06-16 10:47:00,1
A200524,C100482,savings,2025-07-29 14:19:42,1
A200525,C100351,savings,2025-06-20 13:48:29,1
A200526,C100278,savings,2025-01-08 06:15:29,1
A200527,C100215,operating,2025-02-23 06:32:09,1
A200528,C100215,operating,2025-03-15 09:37:47,0
A200529,C100107,operating,2025-07-23 12:37:20,0
A200530,C100273,operating,2025-05-08 16:13:34,1
A200531,C100261,operating,2025-08-22 01:38:04,1
A200532,C100356,operating,2025-06-11 13:28:44,1
A200533,C100161,operating,2025-06-28 08:45:50,1
A200534,C100361,savings,2025-02-01 14:45:12,1
A200535,C100240,payroll,2025-05-23 00:56:51,1
A200536,C100163,payroll,2025-04-05 10:17:01,1
A200537,C100373,savings,2025-08-06 05:44:49,1
A200538,C100264,operating,2025-02-28 17:50:01,0
A200539,C100347,operating,2025-05-17 23:03:27,1
A200540,C100328,operating,2025-06-03 15:04:45,1
A200541,C100075,savings,2025-01-28 02:14:11,1
A200542,C100178,payroll,2025-08-11 01:10:49,1
A200543,C100251,operating,2025-08-30 00:06:51,1
A200544,C100328,operating,2025-03-06 01:37:42,1
A200545,C100107,payroll,2025-08-12 17:00:32,1
A200546,C100165,payroll,2025-08-27 06:59:20,1
A200547,C100250,operating,2025-04-09 17:57:51,1
A200548,C100060,savings,2025-06-05 11:22:56,1
A200549,C100375,operating,2025-03-06 17:36:46,1
A200550,C100023,savings,2025-02-16 00:25:29,1
A200551,C100111,savings,2025-04-14 19:37:06,1
A200552,C100098,operating,2025-03-01 22:41:29,1
A200553,C100146,operating,2025-08-17 05:02:39,0
A200554,C100414,operating,2025-05-05 23:38:24,1
A200555,C100424,operating,2025-06-20 09:06:23,1
A200556,C100274,operating,2025-03-17 17:44:57,1
A200557,C100003,operating,2025-02-19 20:47:04,1
A200558,C100046,operating,2025-05-30 21:08:06,0
A200559,C100182,operating,2025-06-11 13:35:25,1
A200560,C100456,savings,2025-05-07 10:48:57,1
A200561,C100059,payroll,2025-07-07 12:06:06,1
A200562,C100338,operating,2025-08-05 17:35:33,0
A200563,C100096,operating,2025-02-19 14:53:34,1
A200564,C100209,operating,2025-06-05 09:05:57,1
A200565,C100281,operating,2025-06-23 17:45:21,1
A200566,C100061,payroll,2025-03-25 10:17:29,1
A200567,C100499,operating,2025-01-12 04:54:32,1
A200568,C100422,payroll,2025-03-28 17:30:18,1
A200569,C100416,payroll,2025-05-09 18:55:06,1
A200570,C100077,payroll,2025-05-14 17:11:57,1
A200571,C100179,operating,2025-06-16 10:39:59,1
A200572,C100289,savings,2025-08-30 04:09:32,1
A200573,C100406,savings,2025-05-06 21:11:00,1
A200574,C100159,operating,2025-07-16 05:02:42,1
A200575,C100454,operating,2025-02-03 00:49:54,1
A200576,C100422,operating,2025-06-15 11:06:24,1
A200577,C100459,operating,2025-07-05 13:03:48,1
A200578,C100069,operating,2025-03-26 18:24:53,1
A200579,C100132,operating,2025-06-10 22:42:33,1
A200580,C100130,operating,2025-02-13 10:20:47,0
A200581,C100135,operating,2025-01-30 16:53:52,1
A200582,C100294,operating,2025-07-22 08:38:18,1
A200583,C100385,operating,2025-06-28 19:18:41,1
A200584,C100100,operating,2025-06-21 18:35:04,1
A200585,C100209,operating,2025-05-27 22:49:04,1
A200586,C100306,savings,2025-03-18 01:12:11,1
A200587,C100134,operating,2025-06-02 11:21:21,1
A200588,C100029,operating,2025-04-16 08:32:39,1
A200589,C100105,savings,2025-06-04 16:48:10,1
A200590,C100095,operating,2025-06-27 02:09:09,1
A200591,C100193,operating,2025-02-18 21:55:53,1
A200592,C100000,operating,2025-06-03 22:57:59,1
A200593,C100398,operating,2025-08-13 19:57:54,1
A200594,C100213,savings,2025-06-15 15:43:53,0
A200595,C100308,operating,2025-01-19 15:37:17,1
A200596,C100358,operating,2025-04-26 02:22:19,1
A200597,C100179,savings,2025-05-21 21:04:39,1
A200598,C100303,payroll,2025-05-11 15:22:21,1
A200599,C100161,operating,2025-02-11 17:54:42,1
A200600,C100346,savings,2025-08-21 17:24:17,1
A200601,C100246,operating,2025-03-30 09:40:32,1
A200602,C100241,savings,2025-03-04 04:24:19,1
A200603,C100242,savings,2025-04-30 14:57:51,1
A200604,C100020,operating,2025-04-16 13:03:06,1
A200605,C100467,payroll,2025-04-13 08:15:48,1
A200606,C100441,operating,2025-05-22 23:06:39,1
A200607,C100315,payroll,2025-06-20 08:21:54,1
A200608,C100195,operating,2025-07-12 20:57:12,1
A200609,C100314,operating,2025-07-25 02:24:50,1
A200610,C100465,savings,2025-06-08 05:38:13,1
A200611,C100376,operating,2025-04-29 23:05:32,1
A200612,C100289,operating,2025-08-10 08:36:28,1
A200613,C100200,operating,2025-04-10 09:49:12,1
A200614,C100296,operating,2025-06-11 07:01:37,1
A200615,C100356,operating,2025-06-22 07:55:36,1
A200616,C100383,operating,2025-08-11 06:17:55,1
A200617,C100487,operating,2025-06-07 01:16:14,1
A200618,C100036,payroll,2025-07-22 13:59:23,1
A200619,C100424,operating,2025-01-01 17:00:53,1
A200620,C100229,savings,2025-04-13 05:23:36,1
A200621,C100119,operating,2025-08-13 20:20:08,1
A200622,C100073,operating,2025-04-29 08:46:29,1
A200623,C100294,operating,2025-01-17 21:37:29,1
A200624,C100308,operating,2025-04-28 14:21:57,1
A200625,C100366,operating,2025-05-21 13:03:57,1
A200626,C100076,operating,2025-04-23 04:25:52,0
A200627,C100036,savings,2025-03-11 11:25:19,1
A200628,C100326,savings,2025-03-10 10:13:50,0
A200629,C100453,operating,2025-07-06 09:15:31,1
A200630,C100402,operating,2025-01-22 19:21:51,1
A200631,C100366,payroll,2025-06-18 08:38:26,1
A200632,C100024,operating,2025-07-28 08:18:18,1
A200633,C100073,operating,2025-02-28 05:13:46,1
A200634,C100469,operating,2025-01-29 18:04:20,1
A200635,C100124,operating,2025-03-22 15:45:11,1
A200636,C100447,savings,2025-01-08 09:30:09,1
A200637,C100358,payroll,2025-07-27 20:49:01,1
A200638,C100318,operating,2025-08-23 17:49:06,1
A200639,C100474,operating,2025-06-05 10:54:52,1
A200640,C100086,savings,2025-07-29 06:25:17,1
A200641,C100273,payroll,2025-07-01 11:12:06,1
A200642,C100177,operating,2025-01-27 11:54:36,1
A200643,C100301,operating,2025-04-20 06:18:33,1
A200644,C100065,operating,2025-06-15 14:06:13,1
A200645,C100287,operating,2025-07-26 07:28:15,1
A200646,C100329,savings,2025-02-14 03:19:59,1
A200647,C100025,operating,2025-04-13 06:11:06,1
A200648,C100374,payroll,2025-02-23 14:52:21,1
A200649,C100052,operating,2025-07-08 21:18:23,1
A200650,C100383,operating,2025-08-16 13:07:48,1
A200651,C100122,operating,2025-05-28 15:56:42,1
A200652,C100479,operating,2025-01-29 11:50:55,1
A200653,C100350,operating,2025-04-22 07:53:30,0
A200654,C100457,operating,2025-08-07 16:12:20,1
A200655,C100241,payroll,2025-07-11 22:47:30,1
A200656,C100096,operating,2025-06-11 15:42:17,1
A200657,C100163,payroll,2025-02-04 10:43:51,1
A200658,C100497,payroll,2025-06-29 23:29:31,1
A200659,C100010,operating,2025-06-26 22:21:48,1
A200660,C100352,savings,2025-05-30 07:54:07,1
A200661,C100091,operating,2025-05-11 15:44:41,1
A200662,C100255,operating,2025-04-04 23:55:37,1
A200663,C100269,operating,2025-07-17 18:32:44,1
A200664,C100147,operating,2025-07-13 02:11:27,1
A200665,C100423,operating,2025-02-08 03:37:32,1
A200666,C100139,operating,2025-03-20 15:38:04,1
A200667,C100032,operating,2025-03-28 13:04:13,1
A200668,C100262,operating,2025-06-18 16:42:15,1
A200669,C100085,operating,2025-06-09 12:40:29,1
A200670,C100207,operating,2025-07-20 00:33:30,1
A200671,C100272,operating,2025-02-22 16:52:39,1
A200672,C100222,savings,2025-07-21 19:45:29,1
A200673,C100317,operating,2025-01-11 21:00:00,1
A200674,C100322,operating,2025-07-07 21:09:43,1
A200675,C100440,operating,2025-04-14 01:52:11,1
A200676,C100342,operating,2025-04-08 12:03:05,1
A200677,C100066,savings,2025-06-15 17:43:52,1
A200678,C100443,savings,2025-04-17 12:16:03,1
A200679,C100228,operating,2025-03-09 11:14:04,1
A200680,C100187,savings,2025-08-07 11:25:59,1
A200681,C100008,operating,2025-04-21 09:08:59,1
A200682,C100430,operating,2025-08-27 13:12:14,1
A200683,C100217,operating,2025-08-21 23:22:30,1
A200684,C100472,operating,2025-02-18 05:15:23,1
A200685,C100402,operating,2025-05-11 18:39:20,1
A200686,C100420,operating,2025-01-08 06:02:36,1
A200687,C100485,operating,2025-07-25 15:38:38,1
A200688,C100048,operating,2025-08-28 22:31:37,1
A200689,C100006,operating,2025-02-05 08:00:28,1
A200690,C100399,savings,2025-06-15 15:56:29,1
A200691,C100239,operating,2025-08-14 23:26:52,1
A200692,C100312,operating,2025-07-20 10:37:23,1
A200693,C100373,savings,2025-06-21 20:35:55,1
A200694,C100069,operating,2025-08-26 00:26:01,1
A200695,C100167,operating,2025-03-05 03:34:16,1
A200696,C100145,payroll,2025-06-18 23:29:47,1
A200697,C100123,savings,2025-02-11 12:38:08,1
A200698,C100282,operating,2025-05-03 08:46:34,1
A200699,C100410,savings,2025-05-29 02:39:17,1
